{"strategy":{"SampleStrategy":{"trades":[{"pair":"BTC/USDT","stake_amount":999.8282084,"max_stake_amount":999.8282084,"amount":0.01204,"open_date":"2025-03-14 11:00:00+00:00","close_date":"2025-03-14 15:00:00+00:00","open_rate":83042.21,"close_rate":83524.8,"fee_open":0.001,"fee_close":0.001,"trade_duration":240,"profit_ratio":0.0038017687962600237,"profit_abs":3.8049168,"exit_reason":"exit_signal","initial_stop_loss_abs":74737.99,"initial_stop_loss_ratio":-0.1,"stop_loss_abs":74737.99,"stop_loss_ratio":-0.1,"min_rate":82640.59,"max_rate":85309.71,"is_open":false,"enter_tag":"","leverage":1.0,"is_short":false,"open_timestamp":1741950000000,"close_timestamp":1741964400000,"orders":[{"amount":0.01204,"safe_price":83042.21,"ft_order_side":"buy","order_filled_timestamp":1741950000000,"ft_is_entry":true,"ft_order_tag":"","cost":1000.8280366084},{"amount":0.01204,"safe_price":83524.8,"ft_order_side":"sell","order_filled_timestamp":1741964400000,"ft_is_entry":false,"ft_order_tag":"exit_signal","cost":1006.6442305919999}]},{"pair":"BTC/USDT","stake_amount":1003.1390272,"max_stake_amount":1003.1390272,"amount":0.01184,"open_date":"2025-03-14 16:00:00+00:00","close_date":"2025-03-14 21:00:00+00:00","open_rate":84724.58,"close_rate":84127.21,"fee_open":0.001,"fee_close":0.001,"trade_duration":300,"profit_ratio":-0.009034642996903418,"profit_abs":-9.07206599,"exit_reason":"exit_signal","initial_stop_loss_abs":76252.13,"initial_stop_loss_ratio":-0.1,"stop_loss_abs":76252.13,"stop_loss_ratio":-0.1,"min_rate":83717.69,"max_rate":84950.0,"is_open":false,"enter_tag":"","leverage":1.0,"is_short":false,"open_timestamp":1741968000000,"close_timestamp":1741986000000,"orders":[{"amount":0.01184,"safe_price":84724.58,"ft_order_side":"buy","order_filled_timestamp":1741968000000,"ft_is_entry":true,"ft_order_tag":"","cost":1004.1421662271998},{"amount":0.01184,"safe_price":84127.21,"ft_order_side":"sell","order_filled_timestamp":1741986000000,"ft_is_entry":false,"ft_order_tag":"exit_signal","cost":997.0622325664}]}],"locks":[],"best_pair":{"key":"BTC/USDT","trades":2,"profit_mean":-0.0026164371003216972,"profit_mean_pct":-0.26,"profit_sum":-0.0052328742006433945,"profit_sum_pct":-0.52,"profit_total_abs":-5.2671491900000005,"profit_total":-0.005267149190000001,"profit_total_pct":-0.53,"duration_avg":"4:30:00","wins":1,"draws":0,"losses":1,"winrate":0.5},"worst_pair":{"key":"BTC/USDT","trades":2,"profit_mean":-0.0026164371003216972,"profit_mean_pct":-0.26,"profit_sum":-0.0052328742006433945,"profit_sum_pct":-0.52,"profit_total_abs":-5.2671491900000005,"profit_total":-0.005267149190000001,"profit_total_pct":-0.53,"duration_avg":"4:30:00","wins":1,"draws":0,"losses":1,"winrate":0.5},"results_per_pair":[{"key":"BTC/USDT","trades":2,"profit_mean":-0.0026164371003216972,"profit_mean_pct":-0.26,"profit_sum":-0.0052328742006433945,"profit_sum_pct":-0.52,"profit_total_abs":-5.2671491900000005,"profit_total":-0.005267149190000001,"profit_total_pct":-0.53,"duration_avg":"4:30:00","wins":1,"draws":0,"losses":1,"winrate":0.5},{"key":"TOTAL","trades":2,"profit_mean":-0.0026164371003216972,"profit_mean_pct":-0.26,"profit_sum":-0.0052328742006433945,"profit_sum_pct":-0.52,"profit_total_abs":-5.2671491900000005,"profit_total":-0.005267149190000001,"profit_total_pct":-0.53,"duration_avg":"4:30:00","wins":1,"draws":0,"losses":1,"winrate":0.5}],"results_per_enter_tag":[{"key":"","trades":2,"profit_mean":-0.0026164371003216972,"profit_mean_pct":-0.26,"profit_sum":-0.0052328742006433945,"profit_sum_pct":-0.52,"profit_total_abs":-5.2671491900000005,"profit_total":-0.005267149190000001,"profit_total_pct":-0.53,"duration_avg":"4:30:00","wins":1,"draws":0,"losses":1,"winrate":0.5},{"key":"TOTAL","trades":2,"profit_mean":-0.0026164371003216972,"profit_mean_pct":-0.26,"profit_sum":-0.0052328742006433945,"profit_sum_pct":-0.52,"profit_total_abs":-5.2671491900000005,"profit_total":-0.005267149190000001,"profit_total_pct":-0.53,"duration_avg":"4:30:00","wins":1,"draws":0,"losses":1,"winrate":0.5}],"exit_reason_summary":[{"key":"exit_signal","trades":2,"profit_mean":-0.0026164371003216972,"profit_mean_pct":-0.26,"profit_sum":-0.0052328742006433945,"profit_sum_pct":-0.52,"profit_total_abs":-5.2671491900000005,"profit_total":-0.005267149190000001,"profit_total_pct":-0.53,"duration_avg":"4:30:00","wins":1,"draws":0,"losses":1,"winrate":0.5},{"key":"TOTAL","trades":2,"profit_mean":-0.0026164371003216972,"profit_mean_pct":-0.26,"profit_sum":-0.0052328742006433945,"profit_sum_pct":-0.52,"profit_total_abs":-5.2671491900000005,"profit_total":-0.005267149190000001,"profit_total_pct":-0.53,"duration_avg":"4:30:00","wins":1,"draws":0,"losses":1,"winrate":0.5}],"mix_tag_stats":[{"key":["","exit_signal"],"trades":2,"profit_mean":-0.0026164371003216972,"profit_mean_pct":-0.26,"profit_sum":-0.0052328742006433945,"profit_sum_pct":-0.52,"profit_total_abs":-5.2671491900000005,"profit_total":-0.005267149190000001,"profit_total_pct":-0.53,"duration_avg":"4:30:00","wins":1,"draws":0,"losses":1,"winrate":0.5},{"key":"TOTAL","trades":2,"profit_mean":-0.0026164371003216972,"profit_mean_pct":-0.26,"profit_sum":-0.0052328742006433945,"profit_sum_pct":-0.52,"profit_total_abs":-5.2671491900000005,"profit_total":-0.005267149190000001,"profit_total_pct":-0.53,"duration_avg":"4:30:00","wins":1,"draws":0,"losses":1,"winrate":0.5}],"left_open_trades":[{"key":"TOTAL","trades":0,"profit_mean":0.0,"profit_mean_pct":0.0,"profit_sum":0.0,"profit_sum_pct":0.0,"profit_total_abs":0.0,"profit_total":0.0,"profit_total_pct":0.0,"duration_avg":"0:00","wins":0,"draws":0,"losses":0,"winrate":0.0}],"total_trades":2,"trade_count_long":2,"trade_count_short":0,"total_volume":4008.676665994,"avg_stake_amount":1001.4836178,"profit_mean":-0.0026164371003216972,"profit_median":-0.0026164371003216972,"profit_total":-0.005267149190000001,"profit_total_long":-0.005267149190000001,"profit_total_short":0.0,"profit_total_abs":-5.2671491900000005,"profit_total_long_abs":-5.2671491900000005,"profit_total_short_abs":0.0,"cagr":-0.8545016271470256,"expectancy":-2.6335745950000002,"expectancy_ratio":-0.2902949116444864,"sortino":-100,"sharpe":-15.629242598570691,"calmar":-1113.4357718643691,"profit_factor":0.4194101767110272,"backtest_start":"2025-03-14 00:00:00","backtest_start_ts":1741910400000,"backtest_end":"2025-03-15 00:00:00","backtest_end_ts":1741996800000,"backtest_days":1,"backtest_run_start_ts":1742106536,"backtest_run_end_ts":1742106536,"trades_per_day":2.0,"market_change":0.01213291977355783,"pairlist":["BTC/USDT"],"stake_amount":"unlimited","stake_currency":"USDT","stake_currency_decimals":3,"starting_balance":1000,"dry_run_wallet":1000,"final_balance":994.73285081,"rejected_signals":0,"timedout_entry_orders":0,"timedout_exit_orders":0,"canceled_trade_entries":0,"canceled_entry_orders":0,"replaced_entry_orders":0,"max_open_trades":1,"max_open_trades_setting":1,"timeframe":"1h","timeframe_detail":"","timerange":"20250314-20250315","enable_protections":false,"strategy_name":"SampleStrategy","stoploss":-0.1,"trailing_stop":false,"trailing_stop_positive":null,"trailing_stop_positive_offset":0.0,"trailing_only_offset_is_reached":false,"use_custom_stoploss":false,"minimal_roi":{"0":0.1},"use_exit_signal":true,"exit_profit_only":false,"exit_profit_offset":0.0,"ignore_roi_if_entry_signal":false,"trading_mode":"spot","margin_mode":"isolated","periodic_breakdown":{"day":[{"date":"14/03/2025","date_ts":1741910400000,"profit_abs":-5.26714919,"wins":1,"draws":0,"loses":1,"winrate":0.5}],"week":[{"date":"17/03/2025","date_ts":1742169600000,"profit_abs":-5.26714919,"wins":1,"draws":0,"loses":1,"winrate":0.5}],"month":[{"date":"31/03/2025","date_ts":1743379200000,"profit_abs":-5.26714919,"wins":1,"draws":0,"loses":1,"winrate":0.5}]},"backtest_best_day":-0.0052328742006433945,"backtest_worst_day":-0.0052328742006433945,"backtest_best_day_abs":-5.26714919,"backtest_worst_day_abs":-5.26714919,"winning_days":0,"draw_days":0,"losing_days":1,"daily_profit":[["2025-03-14",-5.26714919]],"wins":1,"losses":1,"draws":0,"winrate":0.5,"holding_avg":"4:30:00","holding_avg_s":16200.0,"winner_holding_avg":"4:00:00","winner_holding_avg_s":14400.0,"loser_holding_avg":"5:00:00","loser_holding_avg_s":18000.0,"max_consecutive_wins":1,"max_consecutive_losses":1,"max_drawdown_account":0.0090376783757153,"max_relative_drawdown":0.0090376783757153,"max_drawdown_abs":9.07206599,"drawdown_start":"2025-03-14 15:00:00","drawdown_start_ts":1741964400000.0,"drawdown_end":"2025-03-14 21:00:00","drawdown_end_ts":1741986000000.0,"max_drawdown_low":-5.2671491900000005,"max_drawdown_high":3.8049168,"csum_min":994.73285081,"csum_max":1003.8049168}},"strategy_comparison":[{"key":"SampleStrategy","trades":2,"profit_mean":-0.0026164371003216972,"profit_mean_pct":-0.26,"profit_sum":-0.0052328742006433945,"profit_sum_pct":-0.52,"profit_total_abs":-5.2671491900000005,"profit_total":-0.005267149190000001,"profit_total_pct":-0.53,"duration_avg":"4:30:00","wins":1,"draws":0,"losses":1,"winrate":0.5,"max_drawdown_account":0.0090376783757153,"max_drawdown_abs":"9.072"}]}